{"cameraMode":{"drawMode":0,"name":"Shaded","section":"Shading Mode"},"sceneLighting":true,"audioPlay":false,"sceneViewState":{"m_AlwaysRefresh":false,"showFog":true,"showSkybox":true,"showFlares":true,"showImageEffects":true,"showParticleSystems":true,"showVisualEffectGraphs":true,"m_FxEnabled":true},"in2DMode":false,"pivot":{"x":22.97555923461914,"y":18.75916290283203,"z":-13.706829071044922},"rotation":{"x":-0.0006338328239507973,"y":0.9719682931900024,"z":0.002614969154819846,"w":0.23507699370384217},"size":24.73971939086914,"orthographic":false}