{"cameraMode":{"drawMode":0,"name":"Shaded","section":"Shading Mode"},"sceneLighting":true,"audioPlay":false,"sceneViewState":{"m_AlwaysRefresh":false,"showFog":true,"showSkybox":true,"showFlares":true,"showImageEffects":true,"showParticleSystems":true,"showVisualEffectGraphs":true,"m_FxEnabled":true},"in2DMode":false,"pivot":{"x":-15.456485748291016,"y":14.127005577087403,"z":12.939361572265625},"rotation":{"x":0.1643056720495224,"y":-0.05503097549080849,"z":0.009178753942251206,"w":0.9848634004592896},"size":12.545734405517579,"orthographic":false}