{"cameraMode":{"drawMode":0,"name":"Shaded","section":"Shading Mode"},"sceneLighting":true,"audioPlay":false,"sceneViewState":{"m_AlwaysRefresh":false,"showFog":true,"showSkybox":true,"showFlares":true,"showImageEffects":true,"showParticleSystems":true,"showVisualEffectGraphs":true,"m_FxEnabled":true},"in2DMode":false,"pivot":{"x":-1.3031553030014039,"y":19.083763122558595,"z":21.143163681030275},"rotation":{"x":-0.004853878635913134,"y":0.9940277338027954,"z":-0.04955179616808891,"w":-0.09724199771881104},"size":0.7653516530990601,"orthographic":false}